-- MySQL dump 10.13  Distrib 8.0.33, for Win64 (x86_64)
--
-- Host: medcare.mysql.database.azure.com    Database: medication-service
-- ------------------------------------------------------
-- Server version	8.0.36-cluster

/*!40101 SET @OLD_CHARACTER_SET_CLIENT=@@CHARACTER_SET_CLIENT */;
/*!40101 SET @OLD_CHARACTER_SET_RESULTS=@@CHARACTER_SET_RESULTS */;
/*!40101 SET @OLD_COLLATION_CONNECTION=@@COLLATION_CONNECTION */;
/*!50503 SET NAMES utf8 */;
/*!40103 SET @OLD_TIME_ZONE=@@TIME_ZONE */;
/*!40103 SET TIME_ZONE='+00:00' */;
/*!40014 SET @OLD_UNIQUE_CHECKS=@@UNIQUE_CHECKS, UNIQUE_CHECKS=0 */;
/*!40014 SET @OLD_FOREIGN_KEY_CHECKS=@@FOREIGN_KEY_CHECKS, FOREIGN_KEY_CHECKS=0 */;
/*!40101 SET @OLD_SQL_MODE=@@SQL_MODE, SQL_MODE='NO_AUTO_VALUE_ON_ZERO' */;
/*!40111 SET @OLD_SQL_NOTES=@@SQL_NOTES, SQL_NOTES=0 */;

--
-- Table structure for table `medication_schedule`
--

DROP TABLE IF EXISTS `medication_schedule`;
/*!40101 SET @saved_cs_client     = @@character_set_client */;
/*!50503 SET character_set_client = utf8mb4 */;
CREATE TABLE `medication_schedule` (
  `id` int NOT NULL AUTO_INCREMENT,
  `user_id` int DEFAULT NULL,
  `medicine_id` int DEFAULT NULL,
  `unit_id` int DEFAULT NULL,
  `start_date` date DEFAULT NULL,
  `frequency` int DEFAULT NULL,
  `selected_days` varchar(50) DEFAULT NULL,
  `is_active` tinyint DEFAULT NULL,
  `group_id` int DEFAULT NULL,
  PRIMARY KEY (`id`),
  KEY `medication_schedule_medication_schedule_group_id_fk` (`group_id`),
  KEY `medication_schedule_medicine_id_fk` (`medicine_id`),
  KEY `medication_schedule_medicine_unit_id_fk` (`unit_id`),
  CONSTRAINT `medication_schedule_medication_schedule_group_id_fk` FOREIGN KEY (`group_id`) REFERENCES `medication_schedule_group` (`id`) ON DELETE CASCADE ON UPDATE CASCADE,
  CONSTRAINT `medication_schedule_medicine_id_fk` FOREIGN KEY (`medicine_id`) REFERENCES `medicine` (`id`) ON DELETE CASCADE ON UPDATE CASCADE,
  CONSTRAINT `medication_schedule_medicine_unit_id_fk` FOREIGN KEY (`unit_id`) REFERENCES `medicine_unit` (`id`) ON DELETE CASCADE ON UPDATE CASCADE
) ENGINE=InnoDB AUTO_INCREMENT=122 DEFAULT CHARSET=utf8mb3;
/*!40101 SET character_set_client = @saved_cs_client */;

--
-- Dumping data for table `medication_schedule`
--

LOCK TABLES `medication_schedule` WRITE;
/*!40000 ALTER TABLE `medication_schedule` DISABLE KEYS */;
INSERT INTO `medication_schedule` VALUES (87,2,6668,1,'2024-03-01',1,NULL,0,NULL),(88,2,6683,1,'2024-03-01',NULL,'1,2',0,NULL),(89,2,6671,4,'2024-03-01',5,NULL,1,NULL),(90,2,7613,4,'2024-03-01',1,NULL,1,NULL),(91,2,6829,2,'2024-03-02',NULL,'1,7,5,6',0,NULL),(92,2,6668,2,'2024-03-02',1,NULL,0,NULL),(93,2,6674,1,'2024-04-02',1,NULL,1,NULL),(94,4,6667,1,'2024-04-06',1,NULL,0,NULL),(95,4,6672,1,'2024-04-06',1,NULL,0,NULL),(96,4,6668,1,'2024-04-14',1,NULL,0,NULL),(108,4,6676,1,'2024-04-16',1,NULL,1,14),(109,4,6679,3,'2024-04-16',NULL,'7,2,1',1,14),(110,4,6671,2,'2024-04-16',3,NULL,0,15),(111,4,6677,1,'2024-04-19',NULL,'1,2,5',0,15),(113,4,6668,3,'2024-04-18',2,NULL,1,16),(114,4,6677,1,'2024-04-18',NULL,'5,1',1,16),(119,179,6668,1,'2024-05-01',1,NULL,1,NULL),(120,179,6668,1,'2024-05-01',1,NULL,1,NULL),(121,2,6669,1,'2024-05-02',1,NULL,1,19);
/*!40000 ALTER TABLE `medication_schedule` ENABLE KEYS */;
UNLOCK TABLES;

--
-- Table structure for table `medication_schedule_group`
--

DROP TABLE IF EXISTS `medication_schedule_group`;
/*!40101 SET @saved_cs_client     = @@character_set_client */;
/*!50503 SET character_set_client = utf8mb4 */;
CREATE TABLE `medication_schedule_group` (
  `id` int NOT NULL AUTO_INCREMENT,
  `name` varchar(50) DEFAULT NULL,
  `hospital` varchar(50) DEFAULT NULL,
  `doctor` varchar(50) DEFAULT NULL,
  `is_active` tinyint DEFAULT NULL,
  `user_id` int DEFAULT NULL,
  PRIMARY KEY (`id`)
) ENGINE=InnoDB AUTO_INCREMENT=20 DEFAULT CHARSET=utf8mb3;
/*!40101 SET character_set_client = @saved_cs_client */;

--
-- Dumping data for table `medication_schedule_group`
--

LOCK TABLES `medication_schedule_group` WRITE;
/*!40000 ALTER TABLE `medication_schedule_group` DISABLE KEYS */;
INSERT INTO `medication_schedule_group` VALUES (14,'Thuốc cảm và ho','Toa','Trang',1,4),(15,'Thuốc ho cho trẻ em','','',0,4),(16,'Thuốc sốt','Ko','Ai',1,4),(17,'Toa say xe','Bệnh viện 175','Bác sỹ Tú',0,179),(19,'jnn','nn','nn',1,2);
/*!40000 ALTER TABLE `medication_schedule_group` ENABLE KEYS */;
UNLOCK TABLES;

--
-- Table structure for table `medicine`
--

DROP TABLE IF EXISTS `medicine`;
/*!40101 SET @saved_cs_client     = @@character_set_client */;
/*!50503 SET character_set_client = utf8mb4 */;
CREATE TABLE `medicine` (
  `id` int NOT NULL AUTO_INCREMENT,
  `name` varchar(50) DEFAULT NULL,
  `description` text,
  PRIMARY KEY (`id`)
) ENGINE=InnoDB AUTO_INCREMENT=7825 DEFAULT CHARSET=utf8mb3;
/*!40101 SET character_set_client = @saved_cs_client */;

--
-- Dumping data for table `medicine`
--

LOCK TABLES `medicine` WRITE;
/*!40000 ALTER TABLE `medicine` DISABLE KEYS */;
INSERT INTO `medicine` VALUES (6667,'Abilify','Abilify (Aripiprazole): Thuốc này là một loại chất ức chế tái hấp thu serotonin-dopamine (SDRI) được sử dụng trong điều trị các rối loạn tâm thần như rối loạn tâm thần phân liệt'),(6668,'Abilify Maintena','Abilify Maintena (Aripiprazole): Đây là một biến thể của Aripiprazole được sử dụng dưới dạng tiêm tại chỗ'),(6669,'Abiraterone','Abiraterone: Là một loại thuốc chống ung thư được sử dụng trong điều trị ung thư tuyến tiền liệt.'),(6670,'Acetaminophen','Acetaminophen: Còn được gọi là paracetamol'),(6671,'Acetylcysteine','Acetylcysteine: Thường được sử dụng để làm giảm đờm và tiêu đờm'),(6672,'Actemra','Actemra (Tocilizumab): Là một loại thuốc chống viêm được sử dụng trong điều trị các loại viêm khớp cấp và mãn tính'),(6673,'Actos','Actos (Pioglitazone): Là một loại thuốc giúp kiểm soát đường huyết'),(6674,'Acyclovir','Acyclovir: Là một loại thuốc chống virus'),(6675,'Adderall','Adderall (Mixed amphetamine salts): Đây là một loại thuốc kích thích thần kinh trung ương được sử dụng trong điều trị rối loạn tăng động và chú ý (ADHD) ở trẻ em và người lớn.'),(6676,'Adderall XR','Adderall XR (Mixed amphetamine salts): Tương tự như Adderall'),(6677,'Advair Diskus','Advair Diskus: Kombinasi salmeterol (một loại bronchodilator) và fluticasone (một loại corticosteroid)'),(6678,'Advil','Advil: Chứa ibuprofen'),(6679,'Afinitor','Afinitor (Everolimus): Là một loại thuốc chống ung thư'),(6680,'Aimovig','Aimovig (Erenumab): Là một loại thuốc được phê duyệt mới để điều trị cơn đau nửa đầu cường điệu.'),(6681,'Ajovy','Ajovy (Fremanezumab): Cũng là một loại thuốc được sử dụng trong điều trị cơn đau nửa đầu cường điệu.'),(6682,'Albuterol','Albuterol: Là một loại bronchodilator'),(6683,'Aldactone','Aldactone (Spironolactone): Là một loại thuốc giãn mạch và giảm bớt sự tiết nước của cơ thể'),(6684,'Alecensa','Alecensa (Alectinib): Là một loại thuốc chống ung thư'),(6685,'Alendronate','Alendronate: Là một loại thuốc ức chế tái hấp thu calcium'),(6686,'Aleve','Aleve: Chứa naproxen'),(6687,'Alfuzosin','Alfuzosin: Là một loại thuốc giãn cơ cơ hướng tuyến tiền liệt'),(6688,'Allegra','Allegra (Fexofenadine): Là một loại thuốc kháng histamine'),(6689,'Allopurinol','Allopurinol: Là một loại thuốc ức chế sản xuất axit uric'),(6690,'Alprazolam','Alprazolam: Là một loại thuốc an thần thuộc họ benzodiazepine'),(6691,'Alunbrig','Alunbrig (Brigatinib): Là một loại thuốc chống ung thư'),(6692,'Amantadine','Amantadine: Là một loại thuốc chống virus'),(6693,'Ambien','Ambien (Zolpidem): Là một loại thuốc an thần'),(6694,'Ambroxol','Ambroxol: Là một loại thuốc thông phế quản'),(6695,'Amiodarone','Amiodarone: Là một loại thuốc chống nhịp tim'),(6696,'Amitriptyline','Amitriptyline: Là một loại thuốc chống trầm cảm thuộc họ tricyclic'),(6697,'Amlodipine','Amlodipine: Là một loại thuốc ức chế kênh calci'),(6698,'Amoxicillin','Amoxicillin: Là một loại kháng sinh'),(6699,'Amoxicillin and Clavulanate','Amoxicillin and Clavulanate: Kombinasi giữa amoxicillin và clavulanate'),(6700,'Anastrozole','Anastrozole: Là một loại thuốc ức chế enzyme aromatase'),(6701,'AndroGel','AndroGel (Testosterone): Là một loại testosterone'),(6702,'Annovera','Annovera: Là một loại biểu phương tiện tránh thai'),(6703,'Apalutamide','Apalutamide: Là một loại thuốc chống ung thư'),(6704,'Apixaban','Apixaban: Là một loại thuốc chống đông'),(6705,'Apokyn','Apokyn (Apomorphine): Là một loại thuốc được sử dụng trong điều trị bệnh Parkinson để giảm các triệu chứng run rẩy.'),(6706,'Apriso','Apriso (Mesalamine): Là một loại thuốc chống viêm ruột'),(6707,'Aptiom','Aptiom (Eslicarbazepine): Là một loại thuốc chống co giật'),(6708,'Aricept','Aricept (Donepezil): Là một loại thuốc cholinesterase inhibitor'),(6709,'Arikayce','Arikayce (Amikacin): Là một loại kháng sinh'),(6710,'Arimidex','Arimidex (Anastrozole): Là một loại thuốc ức chế enzyme aromatase'),(6711,'Aripiprazole','Aripiprazole: Đây là tên chung của thuốc Abilify'),(6712,'Aristada','Aristada (Aripiprazole lauroxil): Là một dạng tiêm dài hạn của aripiprazole'),(6713,'Aromasin','Aromasin (Exemestane): Là một loại thuốc ức chế enzyme aromatase'),(6714,'Ascorbic acid','Ascorbic acid: Còn được gọi là vitamin C'),(6715,'Aspirin','Aspirin (Acetylsalicylic acid): Là một loại thuốc giảm đau'),(6716,'Atarax','Atarax (Hydroxyzine): Là một loại thuốc chống lo âu và thuốc an thần.'),(6717,'Atenolol','Atenolol: Là một loại thuốc ức chế beta'),(6718,'Ativan','Ativan (Lorazepam): Là một loại thuốc an thần thuộc họ benzodiazepine'),(6719,'Atogepant','Atogepant: Là một loại thuốc được sử dụng trong điều trị cơn đau nửa đầu cường điệu.'),(6720,'Atomoxetine','Atomoxetine: Là một loại thuốc chống tăng động giảm chú ý (ADHD)'),(6721,'Atorvastatin','Atorvastatin: Là một loại thuốc ức chế HMG-CoA reduc tase'),(6722,'Aubagio','Aubagio (Teriflunomide): Là một loại thuốc được sử dụng trong điều trị bệnh tự miễn nhiễm'),(6723,'Augmentin','Augmentin (Amoxicillin và Clavulanate): Kombinasi giữa amoxicillin và clavulanate'),(6724,'Austedo','Austedo (Deutetrabenazine): Là một loại thuốc được sử dụng trong điều trị hội chứng động không tự ý (Tourette) và các triệu chứng của bệnh di chứng động không tự ý.'),(6725,'Auvelity','Auvelity (Avelumab): Là một loại thuốc chống ung thư'),(6726,'Avsola','Avsola (Infliximab-axxq): Là một loại thuốc chống viêm'),(6727,'Azathioprine','Azathioprine: Là một loại thuốc ức chế miễn dịch'),(6728,'Azelastine','Azelastine: Là một loại thuốc kháng histamine'),(6729,'Azilect','Azilect (Rasagiline): Là một loại thuốc chống Parkinson'),(6730,'Azithromycin','Azithromycin: Là một loại kháng sinh'),(6731,'Azulfidine','Azulfidine (Sulfasalazine): Là một loại thuốc chống viêm'),(6732,'Bacitracin','Bacitracin: Là một loại kháng sinh'),(6733,'Bacitracin topical','Bacitracin topical: Là một loại kem chứa bacitracin'),(6734,'Baclofen','Baclofen: Là một loại thuốc giãn cơ'),(6735,'Bactrim','Bactrim (Trimethoprim và Sulfamethoxazole): Kombinasi giữa trimethoprim và sulfamethoxazole'),(6736,'Bactroban','Bactroban (Mupirocin): Là một loại thuốc kháng khuẩn'),(6737,'Balsalazide','Balsalazide: Là một loại thuốc chống viêm'),(6738,'Banzel','Banzel (Rufinamide): Là một loại thuốc chống co giật'),(6739,'Baqsimi','Baqsimi (Glucagon): Là một loại thuốc được sử dụng để điều trị nguy kịch do suy giảm đường huyết'),(6740,'Basaglar','Basaglar (Insulin glargine): Là một loại insulin dài tác động'),(6741,'Bavencio','Bavencio (Avelumab): Là một loại thuốc chống ung thư'),(6742,'Belbuca','Belbuca (Buprenorphine): Là một loại thuốc giảm đau opioid'),(6743,'Belsomra','Belsomra (Suvorexant): Là một loại thuốc được sử dụng để điều trị rối loạn ngủ'),(6744,'Benadryl','Benadryl (Diphenhydramine): Là một loại thuốc kháng histamine'),(6745,'Benazepril','Benazepril: Là một loại thuốc ức chế enzyme chuyển angiotensin (ACE)'),(6746,'Bendeka','Bendeka (Bendamustine): Là một loại thuốc chống ung thư'),(6747,'Benicar','Benicar (Olmesartan): Là một loại thuốc ức chế receptor angiotensin II'),(6748,'Benlysta','Benlysta (Belimumab): Là một loại thuốc chống ung thư'),(6749,'Bentyl','Bentyl (Dicyclomine): Là một loại thuốc giãn cơ cơ hướng ruột'),(6750,'Benzonatate','Benzonatate: Là một loại thuốc ức chế ho'),(6751,'Benztropine','Benztropine: Là một loại thuốc chống co giật cơ hướng'),(6752,'Berinert','Berinert (C1 esterase inhibitor): Là một loại thuốc được sử dụng trong điều trị các cơn suy hô hấp và sưng phù do hội chứng suy giảm C1 esterase.'),(6753,'Betamethasone','Betamethasone: Là một loại corticosteroid'),(6754,'Bevacizumab','Bevacizumab: Là một loại thuốc chống ung thư'),(6755,'Bicalutamide','Bicalutamide: Là một loại thuốc chống androgen'),(6756,'Biktarvy','Biktarvy: Là một loại thuốc chống virus gốc integrase'),(6757,'Biotin','Biotin: Là một loại vitamin B'),(6758,'Bisacodyl','Bisacodyl: Là một loại thuốc xổ'),(6759,'Bismuth subsalicylate','Bismuth subsalicylate: Là một loại thuốc chống tiêu chảy và bảo vệ niêm mạc dạ dày.'),(6760,'Bisoprolol','Bisoprolol: Là một loại thuốc ức chế beta'),(6761,'Black Cohosh','Black Cohosh: Là một loại thảo dược'),(6762,'Blincyto','Blincyto (Blinatumomab): Là một loại thuốc chống ung thư'),(6763,'Boniva','Boniva (Ibandronate): Là một loại thuốc ức chế tái hấp thu calcium'),(6764,'Botox','Botox (Botulinum toxin): Là một loại thuốc được sử dụng để làm giảm nếp nhăn da và trong điều trị một số vấn đề sức khỏe khác như cơn co giật và nhiễm độc thực phẩm.'),(6765,'Breo Ellipta','Breo Ellipta (Fluticasone và Vilanterol): Là một loại thuốc kết hợp giữa một corticosteroid và một bronchodilator'),(6766,'Breyanzi','Breyanzi (Lisocabtagene maraleucel): Là một loại thuốc chống ung thư'),(6767,'Breztri Aerosphere','Breztri Aerosphere (Budesonide'),(6768,'Brilinta','Brilinta (Ticagrelor): Là một loại thuốc chống đông'),(6769,'Brimonidine','Brimonidine: Là một loại thuốc giảm áp lực trong mắt'),(6770,'Briviact','Briviact (Brivaracetam): Là một loại thuốc chống co giật'),(6771,'Bromfed DM','Bromfed DM: Là một loại thuốc kết hợp chứa brompheniramine (một loại antihistamine)'),(6772,'Brukinsa','Brukinsa (Zanubrutinib): Là một loại thuốc chống ung thư'),(6773,'Bryhali','Bryhali (Halobetasol): Là một loại corticosteroid'),(6774,'Budesonide','Budesonide: Là một loại corticosteroid'),(6775,'Budesonide and formoterol','Budesonide and formoterol: Là một loại thuốc kết hợp giữa một corticosteroid và một bronchodilator'),(6776,'Bumetanide','Bumetanide: Là một loại thuốc lợi tiểu'),(6777,'Bumex','Bumex (Bumetanide): Là một loại thuốc lợi tiểu'),(6778,'Bunavail','Bunavail (Buprenorphine và Naloxone): Là một loại thuốc chống co giật opioid'),(6779,'Buprenex','Buprenex (Buprenorphine): Là một loại thuốc chống co giật opioid'),(6780,'Buprenorphine','Buprenorphine: Là một loại thuốc chống co giật opioid'),(6781,'Buprenorphine & Naloxone','Buprenorphine & Naloxone (Suboxone): Là một loại thuốc kết hợp giữa buprenorphine và naloxone'),(6782,'Buprenorphine/naloxone','Bupropion: Là một loại thuốc chống trầm cảm và thuốc gợi cảm hứng'),(6783,'Bupropion','Buspar (Buspirone): Là một loại thuốc an thần'),(6784,'Buspar','Buspirone: Là một loại thuốc an thần'),(6785,'Buspirone','Bystolic (Nebivolol): Là một loại thuốc ức chế beta'),(6786,'Bystolic','Cabenuva (Cabotegravir và Rilpivirine): Là một loại thuốc chống virus gốc integrase và một loại thuốc chống virus gốc non-nucleoside reverse transcriptase inhibitor'),(6787,'Cabenuva','Cabometyx (Cabozantinib): Là một loại thuốc chống ung thư'),(6788,'Cabometyx','Calcitriol: Là một dạng hoạt hóa của vitamin D'),(6789,'Calcitriol','Calcium carbonate: Là một dạng của canxi'),(6790,'Calcium carbonate','Calquence (Acalabrutinib): Là một loại thuốc chống ung thư'),(6791,'Calquence','Canasa (Mesalamine): Là một loại thuốc chống viêm'),(6792,'Canasa','Candesartan: Là một loại thuốc ức chế receptor angiotensin II'),(6793,'Candesartan','Caplyta (Lumateperone): Là một loại thuốc được sử dụng trong điều trị rối loạn tâm thần như rối loạn tâm thần phân liệt.'),(6794,'Caplyta','Captopril: Là một loại thuốc ức chế enzyme chuyển angiotensin (ACE)'),(6795,'Captopril','Carbamazepine: Là một loại thuốc chống co giật'),(6796,'Carbamazepine','Carbidopa and levodopa: Là một loại thuốc kết hợp giữa carbidopa và levodopa'),(6797,'Carbidopa and levodopa','Carvedilol: Là một loại thuốc ức chế beta và alfa'),(6798,'Carvedilol','Carvykti (Cacicolplasmid): Là một loại thuốc được sử dụng trong điều trị yếu tố tăng trưởng mạch máu peripherical (PGF) ở bệnh nhi đủ tháng tuổi và lớn hơn.'),(6799,'Carvykti','Casodex (Bicalutamide): Là một loại thuốc chống androgen'),(6800,'Casodex','Cefdinir: Là một loại kháng sinh cephalosporin'),(6801,'Cefdinir','Cefixime: Là một loại kháng sinh cephalosporin'),(6802,'Cefixime','Ceftriaxone: Là một loại kháng sinh cephalosporin'),(6803,'Ceftriaxone','Cefuroxime: Là một loại kháng sinh cephalosporin'),(6804,'Cefuroxime','Celebrex (Celecoxib): Là một loại thuốc chống viêm không steroid (NSAID)'),(6805,'Celebrex','Celecoxib: Là một loại thuốc chống viêm không steroid (NSAID)'),(6806,'Celecoxib','Celexa (Citalopram): Là một loại thuốc chống trầm cảm thuộc họ thuốc chống serotonin'),(6807,'Celexa','Cephalexin: Là một loại kháng sinh cephalosporin'),(6808,'Cephalexin','Cequa (Cyclosporine): Là một loại thuốc chống viêm miễn dịch'),(6809,'Cequa','Cetirizine: Là một loại thuốc kháng histamine'),(6810,'Cetirizine','Chlorpheniramine: Là một loại thuốc kháng histamine'),(6811,'Chlorpheniramine','Chlorthalidone: Là một loại thuốc lợi tiểu'),(6812,'Chlorthalidone','Cholecalciferol: Là một dạng của vitamin D'),(6813,'Cholecalciferol','Cialis (Tadalafil): Là một loại thuốc được sử dụng để điều trị rối loạn cương dương (ED) và tăng cường chức năng cương dương.'),(6814,'Cialis','Cimzia (Certolizumab): Là một loại thuốc chống ung thư'),(6815,'Cimzia','Cinryze (C1 esterase inhibitor): Là một loại thuốc được sử dụng trong điều trị các cơn suy hô hấp và sưng phù do hội chứng suy giảm C1 esterase.'),(6816,'Cinryze','Cinryze (C1 esterase inhibitor): Là một loại thuốc được sử dụng trong điều trị hội chứng suy giảm C1 esterase'),(6817,'Cipro','Cipro (Ciprofloxacin): Là một loại kháng sinh thuộc nhóm fluoroquinolone'),(6818,'Ciprofloxacin','Citalopram: Là một loại thuốc chống trầm cảm thuộc nhóm chọn lọc serotonin tái thụ'),(6819,'Citalopram','Clarithromycin: Là một loại kháng sinh macrolide'),(6820,'Clarithromycin','Claritin (Loratadine): Là một loại thuốc kháng histamine'),(6821,'Claritin','Clindamycin: Là một loại kháng sinh lincosamide'),(6822,'Clindamycin','Clobetasol (Clobetasol propionate): Là một loại corticosteroid'),(6823,'Clobetasol','Clobex (Clobetasol propionate): Cũng là một loại corticosteroid'),(6824,'Clobex','Clonazepam: Là một loại thuốc benzodiazepine'),(6825,'Clodan','Clonidine: Là một loại thuốc ức chế alpha-2 adrenergic'),(6826,'Clonazepam','Clopidogrel: Là một loại thuốc chống đông máu'),(6827,'Clonidine','Clotrimazole: Là một loại thuốc chống nấm'),(6828,'Clopidogrel','Codeine: Là một loại thuốc giảm đau opioid'),(6829,'Clotrimazole','Colace (Docusate Sodium): Là một loại thuốc làm mềm phân'),(6830,'Codeine','Colazal (Balsalazide): Là một loại thuốc chống viêm đại tràng'),(6831,'Colace','Colchicine: Là một loại thuốc chống viêm'),(6832,'Colazal','Concerta (Methylphenidate): Là một loại thuốc kích thích'),(6833,'Colchicine','Coreg (Carvedilol): Là một loại thuốc ức chế beta và alfa'),(6834,'Concerta','Cosentyx (Secukinumab): Là một loại thuốc chống viêm'),(6835,'Coreg','Coumadin (Warfarin): Là một loại thuốc chống đông máu'),(6836,'Cosentyx','Crestor (Rosuvastatin): Là một loại thuốc ức chế HMG-CoA reductase'),(6837,'Coumadin','Cyanocobalamin (Vitamin B12): Là một loại vitamin'),(6838,'Crestor','Cyclobenzaprine: Là một loại thuốc giãn cơ'),(6839,'Cyanocobalamin','Cymbalta (Duloxetine): Là một loại thuốc chống trầm cảm thuộc nhóm chọn lọc serotonin-norepinephrine tái thụ'),(6840,'Cyclobenzaprine','Cyclobenzaprine: Là một loại thuốc giãn cơ'),(6841,'Cymbalta','Cymbalta (Duloxetine): Là một loại thuốc chống trầm cảm thuộc nhóm chọn lọc serotonin-norepinephrine tái thụ'),(6842,'Dapagliflozin','Dapagliflozin: Là một loại thuốc chống đái tháo đường'),(6843,'Darzalex','Darzalex (Daratumumab): Là một loại thuốc chống ung thư'),(6844,'Dayvigo','Dayvigo (Lemborexant): Là một loại thuốc an thần'),(6845,'Decadron','Decadron (Dexamethasone): Là một loại corticosteroid'),(6846,'Degarelix','Degarelix: Là một loại thuốc chống androgen'),(6847,'Delzicol','Delzicol (Mesalamine): Là một loại thuốc chống viêm đại tràng'),(6848,'Denosumab','Denosumab: Là một loại thuốc chống loãng xương'),(6849,'Depakote','Depakote (Divalproex sodium): Là một loại thuốc chống co giật'),(6850,'Descovy','Descovy (Emtricitabine/Tenofovir alafenamide): Là một loại thuốc chống HIV'),(6851,'Desloratadine','Desloratadine: Là một loại thuốc chống dị ứng kháng histamine'),(6852,'Desvenlafaxine','Desvenlafaxine: Là một loại thuốc chống trầm cảm'),(6853,'Desyrel','Desyrel (Trazodone): Là một loại thuốc chống trầm cảm thuộc nhóm tác dụng kép'),(6854,'Dexamethasone','Dexamethasone: Là một loại corticosteroid'),(6855,'Dexilant','Dexilant (Dexlansoprazole): Là một loại thuốc ức chế bom proton'),(6856,'Dextroamphetamine','Dextroamphetamine: Là một loại thuốc kích thích'),(6857,'Dextromethorphan','Dextromethorphan: Là một loại thuốc ức chế ho'),(6858,'Dextrose','Dextrose: Là một loại đường glucose'),(6859,'Diacomit','Diacomit (Stiripentol): Là một loại thuốc chống co giật'),(6860,'Diastat','Diastat (Diazepam): Là một loại thuốc benzodiazepine'),(6861,'Diazepam','Diazepam: Là một loại thuốc benzodiazepine'),(6862,'Diclofenac','Diclofenac: Là một loại thuốc giảm đau và chống viêm không steroid (NSAID)'),(6863,'Dicyclomine','Dicyclomine: Là một loại thuốc ức chế cơ trơn'),(6864,'Diflucan','Diflucan (Fluconazole): Là một loại thuốc chống nấm'),(6865,'Digoxin','Digoxin: Là một loại thuốc đồng hóa mạch'),(6866,'Dilantin','Dilantin (Phenytoin): Là một loại thuốc chống co giật'),(6867,'Dilaudid','Dilaudid (Hydromorphone): Là một loại thuốc giảm đau opioid'),(6868,'Diltiazem','Diltiazem: Là một loại thuốc ức chế kênh calci'),(6869,'Diovan','Diovan (Valsartan): Là một loại thuốc ức chế receptor angiotensin II'),(6870,'Dipentum','Dipentum (Olsalazine): Là một loại thuốc chống viêm đại tràng'),(6871,'Diphenhydramine','Diphenhydramine: Là một loại thuốc chống dị ứng antihistamine'),(6872,'Diprolene','Diprolene (Betamethasone): Là một loại corticosteroid'),(6873,'Divalproex','Divalproex: Là một loại thuốc chống co giật'),(6874,'Divalproex sodium','Divalproex sodium (Depakote): Là một loại thuốc chống co giật'),(6875,'Docusate Sodium','Docusate Sodium: Là một loại thuốc làm mềm phân'),(6876,'Donepezil','Donepezil: Là một loại thuốc chống Alzheimer'),(6877,'Dopamine','Dopamine: Là một loại hormone và neurotransmitter'),(6878,'Doxazosin','Doxazosin: Là một loại thuốc ức chế alpha-adrenergic'),(6879,'Doxepin','Doxepin: Là một loại thuốc chống trầm cảm tricyclic (TCA)'),(6880,'Doxycycline','Doxycycline: Là một loại thuốc chống sinh khuẩn'),(6881,'Doxycycline Hyclate','Doxycycline Hyclate: Là một loại thuốc chống sinh khuẩn'),(6882,'Doxylamine','Doxylamine: Là một loại thuốc kháng histamine'),(6883,'Dramamine','Dramamine (Dimenhydrinate): Là một loại thuốc chống say sóng'),(6884,'Dulaglutide','Dulaglutide: Là một loại thuốc chống đái tháo đường'),(6885,'Dulcolax','Dulcolax (Bisacodyl): Là một loại thuốc kích thích phần dạ dày và ruột'),(6886,'Duloxetine','Duloxetine: Là một loại thuốc chống trầm cảm thuộc nhóm chọn lọc serotonin-norepinephrine tái thụ'),(6887,'DuoNeb','DuoNeb (Ipratropium/Albuterol): Là một loại thuốc dung hợp bronchodilator'),(6888,'Duopa','Duopa (Carbidopa/Levodopa): Là một loại thuốc dung hợp carbidopa và levodopa'),(6889,'Dupixent','Dupixent (Dupilumab): Là một loại thuốc chống dị ứng'),(6890,'Dutasteride','Dutasteride: Là một loại thuốc ức chế 5-alpha reductase'),(6891,'Echinacea','Echinacea: Là một loại thảo dược'),(6892,'Effexor','Effexor (Venlafaxine): Là một loại thuốc chống trầm cảm thuộc nhóm chọn lọc serotonin-norepinephrine tái thụ'),(6893,'Effexor XR','Effexor XR (Venlafaxine Extended-Release): Là một loại thuốc chống trầm cảm thuộc nhóm chọn lọc serotonin-norepinephrine tái thụ'),(6894,'Elagolix','Elagolix: Là một loại thuốc chống hormone'),(6895,'Elavil','Elavil (Amitriptyline): Là một loại thuốc chống trầm cảm tricyclic (TCA)'),(6896,'Eligard','Eligard (Leuprolide): Là một loại thuốc chống hormone'),(6897,'Eliquis','Eliquis (Apixaban): Là một loại thuốc chống đông máu'),(6898,'Emgality','Emgality (Galcanezumab): Là một loại thuốc chống đau đầu cấp tính'),(6899,'Empagliflozin','Empagliflozin: Là một loại thuốc chống đái tháo đường'),(6900,'Empaveli','Empaveli (Cemdisiran): Là một loại thuốc chống alpha-galactosidase A'),(6901,'Emtricitabine','Emtricitabine: Là một loại thuốc chống virus'),(6902,'Enbrel','Enbrel (Etanercept): Là một loại thuốc ức chế TNF alpha'),(6903,'Enhertu','Enhertu (Trastuzumab Deruxtecan): Là một loại thuốc kháng kháng thể đặc hiệu'),(6904,'Enoxaparin','Enoxaparin: Là một loại thuốc chống đông máu'),(6905,'Entecavir','Entecavir: Là một loại thuốc chống virus'),(6906,'Entresto','Entresto (Sacubitril/Valsartan): Là một loại thuốc dung hợp sacubitril và valsartan'),(6907,'Entyvio','Entyvio (Vedolizumab): Là một loại thuốc chống viêm ruột'),(6908,'Enzalutamide','Enzalutamide: Là một loại thuốc chống hormone'),(6909,'Epclusa','Epclusa (Sofosbuvir/Velpatasvir): Là một loại thuốc dung hợp sofosbuvir và velpatasvir'),(6910,'Epidiolex','Epidiolex (Cannabidiol): Là một loại thuốc cannabinoid'),(6911,'Epinephrine','Epinephrine: Là một loại hormone và neurotransmitter'),(6912,'EpiPen','EpiPen (Epinephrine): Là một loại thiết bị tiêm tự động chứa epinephrine'),(6913,'Eplerenone','Eplerenone: Là một loại thuốc ức chế receptor aldosterone'),(6914,'Ergocalciferol','Ergocalciferol: Là một loại vitamin D'),(6915,'Erleada','Erleada (Apalutamide): Là một loại thuốc chống hormone'),(6916,'Ertapenem','Ertapenem: Là một loại kháng sinh'),(6917,'Erythromycin','Erythromycin: Là một loại kháng sinh'),(6918,'Erythromycin ophthalmic','Erythromycin ophthalmic: Là một loại kháng sinh dạng thuốc nhỏ mắt'),(6919,'Escitalopram','Escitalopram: Là một loại thuốc chống trầm cảm thuộc nhóm chọn lọc serotonin tái thụ'),(6920,'Esomeprazole',NULL),(6921,'Estrace',NULL),(6922,'Estradiol',NULL),(6923,'Eszopiclone',NULL),(6924,'Etanercept',NULL),(6925,'Ethambutol',NULL),(6926,'Etodolac',NULL),(6927,'Eulexin',NULL),(6928,'Euthyrox',NULL),(6929,'Evenity',NULL),(6930,'Everolimus',NULL),(6931,'Evista',NULL),(6932,'Evkeeza',NULL),(6933,'Evusheld',NULL),(6934,'Excedrin',NULL),(6935,'Excedrin Migraine',NULL),(6936,'Exemestane',NULL),(6937,'Ezetimibe',NULL),(6938,'Famotidine',NULL),(6939,'Farxiga',NULL),(6940,'Fasenra',NULL),(6941,'Faslodex',NULL),(6942,'Febuxostat',NULL),(6943,'Felodipine',NULL),(6944,'Femara',NULL),(6945,'Fenofibrate',NULL),(6946,'Fentanyl',NULL),(6947,'FeroSul',NULL),(6948,'Ferrous fumarate',NULL),(6949,'Ferrous Sulfate',NULL),(6950,'Fexofenadine',NULL),(6951,'Finasteride',NULL),(6952,'Fintepla',NULL),(6953,'Fioricet',NULL),(6954,'Firazyr',NULL),(6955,'Firmagon',NULL),(6956,'Fish Oil',NULL),(6957,'Flagyl',NULL),(6958,'Flecainide',NULL),(6959,'Flexeril',NULL),(6960,'Flomax',NULL),(6961,'Flonase',NULL),(6962,'Flonase Allergy Relief',NULL),(6963,'Flovent',NULL),(6964,'Flovent HFA',NULL),(6965,'Fluconazole',NULL),(6966,'Fludrocortisone',NULL),(6967,'FluMist Vaccine',NULL),(6968,'Fluocinonide',NULL),(6969,'Fluorouracil',NULL),(6970,'Fluoxetine',NULL),(6971,'Fluphenazine',NULL),(6972,'Flutamide',NULL),(6973,'Fluticasone',NULL),(6974,'Fluticasone and salmeterol',NULL),(6975,'Fluticasone nasal',NULL),(6976,'Fluvoxamine',NULL),(6977,'Focalin',NULL),(6978,'Focalin XR',NULL),(6979,'Folic Acid',NULL),(6980,'Formoterol',NULL),(6981,'Forteo',NULL),(6982,'Fosamax',NULL),(6983,'Fosfomycin',NULL),(6984,'Fulvestrant',NULL),(6985,'Furosemide',NULL),(6986,'Fycompa',NULL),(6987,'Gabapentin',NULL),(6988,'Gabapentin enacarbil',NULL),(6989,'Galantamine',NULL),(6990,'Gardasil',NULL),(6991,'Garlic',NULL),(6992,'Gas-X',NULL),(6993,'Gaviscon',NULL),(6994,'Gavreto',NULL),(6995,'Gazyva',NULL),(6996,'Gemcitabine',NULL),(6997,'Gemfibrozil',NULL),(6998,'Gemtesa',NULL),(6999,'Gemzar',NULL),(7000,'Genotropin',NULL),(7001,'Gentamicin',NULL),(7002,'Genvoya',NULL),(7003,'Geodon',NULL),(7004,'Giazo',NULL),(7005,'Gilenya',NULL),(7006,'Ginger',NULL),(7007,'Ginkgo Biloba',NULL),(7008,'Ginseng',NULL),(7009,'Glatiramer',NULL),(7010,'Gleevec',NULL),(7011,'Glimepiride',NULL),(7012,'Glipizide',NULL),(7013,'Glipizide and metformin',NULL),(7014,'Glucagon',NULL),(7015,'Glucophage',NULL),(7016,'Glucosamine',NULL),(7017,'Glucotrol',NULL),(7018,'Glucovance',NULL),(7019,'Glutathione',NULL),(7020,'Glyburide',NULL),(7021,'Glycerin',NULL),(7022,'Glycopyrrolate',NULL),(7023,'Glyxambi',NULL),(7024,'Gocovri',NULL),(7025,'Goldenseal',NULL),(7026,'GoLYTELY',NULL),(7027,'Granisetron',NULL),(7028,'Griseofulvin',NULL),(7029,'Guaifenesin',NULL),(7030,'Guanfacine',NULL),(7031,'Gvoke HypoPen',NULL),(7032,'Haegarda',NULL),(7033,'Halcion',NULL),(7034,'Haldol',NULL),(7035,'Halobetasol',NULL),(7036,'Halobetasol Topical',NULL),(7037,'Haloperidol',NULL),(7038,'Harvoni',NULL),(7039,'Hemgenix',NULL),(7040,'Heparin',NULL),(7041,'Herceptin',NULL),(7042,'Hibiclens',NULL),(7043,'Hiprex',NULL),(7044,'Histrelin',NULL),(7045,'Hizentra',NULL),(7046,'Horizant',NULL),(7047,'Horny Goat Weed',NULL),(7048,'Humalog',NULL),(7049,'Humira',NULL),(7050,'Humulin N',NULL),(7051,'Humulin R',NULL),(7052,'Humulin RU 500',NULL),(7053,'Hycodan',NULL),(7054,'Hydralazine',NULL),(7055,'Hydrea',NULL),(7056,'Hydrochlorothiazide',NULL),(7057,'Hydrochlorothiazide and irbesartan',NULL),(7058,'Hydrochlorothiazide and lisinopril',NULL),(7059,'Hydrochlorothiazide and losartan',NULL),(7060,'Hydrochlorothiazide and olmesartan',NULL),(7061,'Hydrochlorothiazide and triamterene',NULL),(7062,'Hydrochlorothiazide and valsartan',NULL),(7063,'Hydrocodone',NULL),(7064,'Hydrocodone and Acetaminophen',NULL),(7065,'Hydrocortisone',NULL),(7066,'Hydrocortisone topical',NULL),(7067,'Hydromorphone',NULL),(7068,'Hydroxychloroquine',NULL),(7069,'Hydroxyurea',NULL),(7070,'Hydroxyzine',NULL),(7071,'Hydroxyzine Pamoate',NULL),(7072,'Hyoscyamine',NULL),(7073,'Hyosyne',NULL),(7074,'Hytrin',NULL),(7075,'Hyzaar',NULL),(7076,'Ibandronate',NULL),(7077,'Ibrance',NULL),(7078,'Ibrutinib',NULL),(7079,'Ibu',NULL),(7080,'Ibuprofen',NULL),(7081,'Iclusig',NULL),(7082,'Icosapent',NULL),(7083,'Idhifa',NULL),(7084,'Ilumya',NULL),(7085,'Imatinib',NULL),(7086,'Imbruvica',NULL),(7087,'Imdur',NULL),(7088,'Imfinzi',NULL),(7089,'Imipramine',NULL),(7090,'Imiquimod',NULL),(7091,'Imitrex',NULL),(7092,'Imodium',NULL),(7093,'Imodium A-D',NULL),(7094,'Impoyz',NULL),(7095,'Imuran',NULL),(7096,'Inbrija',NULL),(7097,'Incruse Ellipta',NULL),(7098,'Indapamide',NULL),(7099,'Inderal',NULL),(7100,'Indomethacin',NULL),(7101,'Inflectra',NULL),(7102,'Infliximab',NULL),(7103,'Ingrezza',NULL),(7104,'Injectafer',NULL),(7105,'Inlyta',NULL),(7106,'Insulin Aspart',NULL),(7107,'Insulin Detemir',NULL),(7108,'Insulin Glargine',NULL),(7109,'Insulin Lispro',NULL),(7110,'Insulin Regular',NULL),(7111,'Intuniv',NULL),(7112,'Invega',NULL),(7113,'Invega Sustenna',NULL),(7114,'Invokana',NULL),(7115,'Iopamidol',NULL),(7116,'Ipratropium',NULL),(7117,'Irbesartan',NULL),(7118,'Isoniazid',NULL),(7119,'Isosorbide',NULL),(7120,'Isosorbide dinitrate',NULL),(7121,'Isosorbide Mononitrate',NULL),(7122,'Isotretinoin',NULL),(7123,'Itraconazole',NULL),(7124,'Ivabradine',NULL),(7125,'Ivermectin',NULL),(7126,'Jadelle',NULL),(7127,'Jadenu',NULL),(7128,'Jaimiess',NULL),(7129,'Jakafi',NULL),(7130,'Jalyn',NULL),(7131,'Jantoven',NULL),(7132,'Janumet',NULL),(7133,'Janumet XR',NULL),(7134,'Januvia',NULL),(7135,'Japanese Encephalitis Vaccine',NULL),(7136,'Jardiance',NULL),(7137,'Jasmiel',NULL),(7138,'Jatenzo',NULL),(7139,'Javygtor',NULL),(7140,'Jaypirca',NULL),(7141,'Jemperli',NULL),(7142,'Jencycla',NULL),(7143,'Jentadueto',NULL),(7144,'Jentadueto XR',NULL),(7145,'Jeuveau',NULL),(7146,'Jevtana',NULL),(7147,'Jinteli',NULL),(7148,'Jivi',NULL),(7149,'Joenja',NULL),(7150,'Jolessa',NULL),(7151,'Jornay PM',NULL),(7152,'Jublia',NULL),(7153,'Juluca',NULL),(7154,'Junel',NULL),(7155,'Junel 1.5/30',NULL),(7156,'Junel 1/20',NULL),(7157,'Junel Fe 24',NULL),(7158,'Juniper',NULL),(7159,'Juvederm',NULL),(7160,'Jynarque',NULL),(7161,'K-Dur',NULL),(7162,'K-Tab',NULL),(7163,'Kadcyla',NULL),(7164,'kalbitor',NULL),(7165,'Kanamycin',NULL),(7166,'Kaopectate',NULL),(7167,'Kariva',NULL),(7168,'Kava',NULL),(7169,'Kayexalate',NULL),(7170,'Kcentra',NULL),(7171,'Keflex',NULL),(7172,'Kenalog',NULL),(7173,'Kenalog-10',NULL),(7174,'Kenalog-40',NULL),(7175,'Keppra',NULL),(7176,'Keppra XR',NULL),(7177,'Kerendia',NULL),(7178,'Kesimpta',NULL),(7179,'Ketalar',NULL),(7180,'Ketamine',NULL),(7181,'Ketoconazole',NULL),(7182,'Ketoconazole Shampoo',NULL),(7183,'Ketoconazole topical',NULL),(7184,'Ketoprofen',NULL),(7185,'Ketorolac',NULL),(7186,'Ketorolac ophthalmic',NULL),(7187,'Ketorolac Tromethamine',NULL),(7188,'Ketotifen',NULL),(7189,'Ketotifen ophthalmic',NULL),(7190,'Kevzara',NULL),(7191,'Keytruda',NULL),(7192,'Kineret',NULL),(7193,'Kisqali',NULL),(7194,'Klonopin',NULL),(7195,'Klor-Con',NULL),(7196,'Korlym',NULL),(7197,'Kratom',NULL),(7198,'Krill Oil',NULL),(7199,'Kurvelo',NULL),(7200,'Kyleena',NULL),(7201,'Kynmobi',NULL),(7202,'Kyzatrex',NULL),(7203,'Labetalol',NULL),(7204,'Lacosamide',NULL),(7205,'Lactulose',NULL),(7206,'Lagevrio',NULL),(7207,'Lamictal',NULL),(7208,'Lamotrigine',NULL),(7209,'Lanadelumab',NULL),(7210,'Lansoprazole',NULL),(7211,'Lantus',NULL),(7212,'Lasix',NULL),(7213,'Latanoprost',NULL),(7214,'Latuda',NULL),(7215,'Leflunomide',NULL),(7216,'Lenvatinib',NULL),(7217,'Lenvima',NULL),(7218,'Leqvio',NULL),(7219,'Letrozole',NULL),(7220,'Leukeran',NULL),(7221,'Leuprolide',NULL),(7222,'Levalbuterol',NULL),(7223,'Levaquin',NULL),(7224,'Levemir',NULL),(7225,'Levetiracetam',NULL),(7226,'Levocetirizine',NULL),(7227,'Levodopa',NULL),(7228,'Levofloxacin',NULL),(7229,'Levonorgestrel',NULL),(7230,'Levothyroxine',NULL),(7231,'Lexapro',NULL),(7232,'Lexette',NULL),(7233,'Lialda',NULL),(7234,'Lidex',NULL),(7235,'Lidocaine',NULL),(7236,'Lidocaine viscous',NULL),(7237,'Liletta',NULL),(7238,'Linezolid',NULL),(7239,'Linzess',NULL),(7240,'Lipitor',NULL),(7241,'Lisdexamfetamine',NULL),(7242,'Lisinopril',NULL),(7243,'Lithium',NULL),(7244,'Loestrin 24 Fe',NULL),(7245,'Lofexidine',NULL),(7246,'Lokelma',NULL),(7247,'Loperamide',NULL),(7248,'Lopressor',NULL),(7249,'Loratadine',NULL),(7250,'Lorazepam',NULL),(7251,'Lorlatinib',NULL),(7252,'Losartan',NULL),(7253,'Lovastatin',NULL),(7254,'Lovenox',NULL),(7255,'Lunesta',NULL),(7256,'Lupron Depot',NULL),(7257,'Lurasidone',NULL),(7258,'Luxiq',NULL),(7259,'Lyrica',NULL),(7260,'Lyumjev',NULL),(7261,'Macrobid',NULL),(7262,'Magnesium oxide',NULL),(7263,'Magnesium sulfate',NULL),(7264,'Mavenclad',NULL),(7265,'Mavyret',NULL),(7266,'Mayzent',NULL),(7267,'Meclizine',NULL),(7268,'Medrol',NULL),(7269,'Medroxyprogesterone',NULL),(7270,'Melatonin',NULL),(7271,'Meloxicam',NULL),(7272,'Memantine',NULL),(7273,'Meropenem',NULL),(7274,'Mesalamine',NULL),(7275,'Metamucil',NULL),(7276,'Metformin',NULL),(7277,'Methadone',NULL),(7278,'Methimazole',NULL),(7279,'Methocarbamol',NULL),(7280,'Methotrexate',NULL),(7281,'Methylphenidate',NULL),(7282,'Methylprednisolone',NULL),(7283,'Metoclopramide',NULL),(7284,'Metoprolol',NULL),(7285,'Metronidazole',NULL),(7286,'Midazolam',NULL),(7287,'Midodrine',NULL),(7288,'Minoxidil',NULL),(7289,'MiraLAX',NULL),(7290,'Mirtazapine',NULL),(7291,'Misoprostol',NULL),(7292,'Mobic',NULL),(7293,'Modafinil',NULL),(7294,'Mometasone',NULL),(7295,'Montelukast',NULL),(7296,'Morphine',NULL),(7297,'Motrin',NULL),(7298,'Mounjaro',NULL),(7299,'Mucinex',NULL),(7300,'Mupirocin',NULL),(7301,'Mupirocin topical',NULL),(7302,'Mycapssa',NULL),(7303,'Mycophenolate mofetil',NULL),(7304,'Myfembree',NULL),(7305,'Mylotarg',NULL),(7306,'Myrbetriq',NULL),(7307,'Nabumetone',NULL),(7308,'NAC',NULL),(7309,'Nadolol',NULL),(7310,'Naloxone',NULL),(7311,'Naltrexone',NULL),(7312,'Namenda',NULL),(7313,'Naprosyn',NULL),(7314,'Naproxen',NULL),(7315,'Naratriptan',NULL),(7316,'Narcan',NULL),(7317,'Nasacort',NULL),(7318,'Nayzilam',NULL),(7319,'Nebivolol',NULL),(7320,'Neomycin',NULL),(7321,'Neosporin',NULL),(7322,'Nerlynx',NULL),(7323,'Neulasta',NULL),(7324,'Neupro',NULL),(7325,'Neurontin',NULL),(7326,'Nexium',NULL),(7327,'Nexletol',NULL),(7328,'Nexlizet',NULL),(7329,'Nexplanon',NULL),(7330,'Niacin',NULL),(7331,'Nicardipine',NULL),(7332,'Nicotine',NULL),(7333,'Nifedipine',NULL),(7334,'Nilandron',NULL),(7335,'Nilutamide',NULL),(7336,'Ninlaro',NULL),(7337,'Nirmatrelvir and ritonavir',NULL),(7338,'Nitazoxanide',NULL),(7339,'Nitrofurantoin',NULL),(7340,'Nitroglycerin',NULL),(7341,'Nitrostat',NULL),(7342,'Nivolumab',NULL),(7343,'Norco',NULL),(7344,'Norepinephrine',NULL),(7345,'Norethindrone',NULL),(7346,'Norflex',NULL),(7347,'Nortriptyline',NULL),(7348,'Norvasc',NULL),(7349,'Nourianz',NULL),(7350,'NovoLog',NULL),(7351,'NP Thyroid',NULL),(7352,'NPlate',NULL),(7353,'Nubeqa',NULL),(7354,'Nucynta',NULL),(7355,'Nurtec ODT',NULL),(7356,'NuvaRing',NULL),(7357,'Nystatin',NULL),(7358,'Ocrelizumab',NULL),(7359,'Ocrevus',NULL),(7360,'Octreotide',NULL),(7361,'Ofev',NULL),(7362,'Ofloxacin',NULL),(7363,'Ofloxacin ophthalmic',NULL),(7364,'Olanzapine',NULL),(7365,'Olaparib',NULL),(7366,'Olmesartan',NULL),(7367,'Olopatadine nasal',NULL),(7368,'Olopatadine ophthalmic',NULL),(7369,'Olumiant',NULL),(7370,'Olux',NULL),(7371,'Omalizumab',NULL),(7372,'Omega-3',NULL),(7373,'Omega-3 Fish Oil',NULL),(7374,'Omeprazole',NULL),(7375,'Omnicef',NULL),(7376,'Ondansetron',NULL),(7377,'Onfi',NULL),(7378,'Ongentys',NULL),(7379,'Onglyza',NULL),(7380,'Onpattro',NULL),(7381,'Onureg',NULL),(7382,'Opdivo',NULL),(7383,'Opzelura',NULL),(7384,'Orencia',NULL),(7385,'Orgovyx',NULL),(7386,'Oriahnn',NULL),(7387,'Orladeyo',NULL),(7388,'Orlistat',NULL),(7389,'Orphenadrine',NULL),(7390,'Ortho Tri-Cyclen',NULL),(7391,'Oseltamivir',NULL),(7392,'Osimertinib',NULL),(7393,'Otezla',NULL),(7394,'Oxaliplatin',NULL),(7395,'Oxazepam',NULL),(7396,'Oxcarbazepine',NULL),(7397,'Oxtella XR',NULL),(7398,'Oxybutynin',NULL),(7399,'Oxycodone',NULL),(7400,'Oxycontin',NULL),(7401,'Oxygen',NULL),(7402,'Oxymetazoline',NULL),(7403,'Oxymetazoline nasal',NULL),(7404,'Oxytocin',NULL),(7405,'Ozanimod',NULL),(7406,'Ozempic',NULL),(7407,'Pantoprazole',NULL),(7408,'Paracetamol',NULL),(7409,'Paragard',NULL),(7410,'Paroxetine',NULL),(7411,'Paxil',NULL),(7412,'Paxlovid',NULL),(7413,'Pentasa',NULL),(7414,'Pepcid',NULL),(7415,'Percocet',NULL),(7416,'Phenazopyridine',NULL),(7417,'Phenergan',NULL),(7418,'Phenobarbital',NULL),(7419,'Phentermine',NULL),(7420,'Phenylephrine',NULL),(7421,'Phenytoin',NULL),(7422,'Phexxi',NULL),(7423,'Pioglitazone',NULL),(7424,'Plan B',NULL),(7425,'Plaquenil',NULL),(7426,'Plavix',NULL),(7427,'Polyethylene glycol 3350',NULL),(7428,'Potassium Chloride',NULL),(7429,'Pradaxa',NULL),(7430,'Praluent',NULL),(7431,'Pramipexole',NULL),(7432,'Pravastatin',NULL),(7433,'Prazosin',NULL),(7434,'Prednisolone',NULL),(7435,'Prednisone',NULL),(7436,'Pregabalin',NULL),(7437,'Premarin',NULL),(7438,'Prilosec',NULL),(7439,'Primidone',NULL),(7440,'Pristiq',NULL),(7441,'ProAir HFA',NULL),(7442,'Probuphine',NULL),(7443,'Prochlorperazine',NULL),(7444,'Progesterone',NULL),(7445,'Prolia',NULL),(7446,'Promacta',NULL),(7447,'Promethazine',NULL),(7448,'Propofol',NULL),(7449,'Propranolol',NULL),(7450,'Protonix',NULL),(7451,'Provenge',NULL),(7452,'Prozac',NULL),(7453,'Pseudoephedrine',NULL),(7454,'Pyridium',NULL),(7455,'Qbrelis',NULL),(7456,'Qbrexza',NULL),(7457,'Qelbree',NULL),(7458,'Qinlock',NULL),(7459,'Qlosi',NULL),(7460,'QNASL',NULL),(7461,'Qsymia',NULL),(7462,'Qtern',NULL),(7463,'Qualaquin',NULL),(7464,'Quassia',NULL),(7465,'Quazepam',NULL),(7466,'Qudexy XR',NULL),(7467,'Quelicin',NULL),(7468,'Quercetin',NULL),(7469,'Questran',NULL),(7470,'Quetiapine',NULL),(7471,'Quibron-T/SR',NULL),(7472,'QuilliChew ER',NULL),(7473,'Quillivant XR',NULL),(7474,'Quinapril',NULL),(7475,'Quinidine',NULL),(7476,'Quinine',NULL),(7477,'Quizartinib',NULL),(7478,'Qulipta',NULL),(7479,'Qutenza',NULL),(7480,'Quviviq',NULL),(7481,'Quzyttir',NULL),(7482,'Qvar',NULL),(7483,'Qvar Redihaler',NULL),(7484,'Rabeprazole',NULL),(7485,'Raloxifene',NULL),(7486,'Ramelteon',NULL),(7487,'Ramipril',NULL),(7488,'Ranexa',NULL),(7489,'Ranitidine',NULL),(7490,'Ranolazine',NULL),(7491,'Rapamune',NULL),(7492,'Reclast',NULL),(7493,'Reglan',NULL),(7494,'Relafen',NULL),(7495,'Relugolix',NULL),(7496,'Remdesivir',NULL),(7497,'Remeron',NULL),(7498,'Remicade',NULL),(7499,'Renflexis',NULL),(7500,'Repaglinide',NULL),(7501,'Repatha',NULL),(7502,'Requip',NULL),(7503,'Restasis',NULL),(7504,'Restoril',NULL),(7505,'Retevmo',NULL),(7506,'Revlimid',NULL),(7507,'Rexulti',NULL),(7508,'Reyvow',NULL),(7509,'Rifampin',NULL),(7510,'Rifaximin',NULL),(7511,'Rinvoq',NULL),(7512,'Risdiplam',NULL),(7513,'Risedronate',NULL),(7514,'Risperdal',NULL),(7515,'Risperidone',NULL),(7516,'Ritalin',NULL),(7517,'Rituxan',NULL),(7518,'Rituxan Hycela',NULL),(7519,'Rituximab',NULL),(7520,'Rivaroxaban',NULL),(7521,'Rivastigmine',NULL),(7522,'Rizatriptan',NULL),(7523,'Robaxin',NULL),(7524,'Robitussin',NULL),(7525,'Robitussin Cough + Chest Congestion DM',NULL),(7526,'Rocephin',NULL),(7527,'Ropinirole',NULL),(7528,'Rosuvastatin',NULL),(7529,'Rowasa',NULL),(7530,'Roxicodone',NULL),(7531,'Ruconest',NULL),(7532,'Rybelsus',NULL),(7533,'Rydapt',NULL),(7534,'Rytary',NULL),(7535,'Sabril',NULL),(7536,'Sacubitril and valsartan',NULL),(7537,'Salbutamol',NULL),(7538,'Sandostatin',NULL),(7539,'Saphnelo',NULL),(7540,'Saxenda',NULL),(7541,'Scopolamine',NULL),(7542,'secukinumab',NULL),(7543,'Semaglutide',NULL),(7544,'Senna',NULL),(7545,'Senokot',NULL),(7546,'Sernivo',NULL),(7547,'Seroquel',NULL),(7548,'Sertraline',NULL),(7549,'Sevelamer',NULL),(7550,'Shingrix',NULL),(7551,'Sildenafil',NULL),(7552,'Simethicone',NULL),(7553,'Simponi',NULL),(7554,'Simvastatin',NULL),(7555,'Sinemet',NULL),(7556,'Singulair',NULL),(7557,'Sitagliptin',NULL),(7558,'Skyrizi',NULL),(7559,'Sodium bicarbonate',NULL),(7560,'Sodium Chloride',NULL),(7561,'Sofosbuvir',NULL),(7562,'Solifenacin',NULL),(7563,'Soliqua',NULL),(7564,'Soliris',NULL),(7565,'SoluMEDROL',NULL),(7566,'Soma',NULL),(7567,'Somatuline Depot',NULL),(7568,'Somavert',NULL),(7569,'Sotalol',NULL),(7570,'Sovaldi',NULL),(7571,'Spinraza',NULL),(7572,'Spiriva',NULL),(7573,'Spiriva Respimat',NULL),(7574,'Spironolactone',NULL),(7575,'Sprycel',NULL),(7576,'Stelara',NULL),(7577,'Strattera',NULL),(7578,'Stribild',NULL),(7579,'Sublocade',NULL),(7580,'Suboxone',NULL),(7581,'Subutex',NULL),(7582,'Sucralfate',NULL),(7583,'Sudafed',NULL),(7584,'Sulfamethoxazole and trimethoprim',NULL),(7585,'Sulfasalazine',NULL),(7586,'Sumatriptan',NULL),(7587,'Supprelin LA',NULL),(7588,'Sutent',NULL),(7589,'Symbicort',NULL),(7590,'Sympazan',NULL),(7591,'Synjardy',NULL),(7592,'Synthroid',NULL),(7593,'Tacrolimus',NULL),(7594,'Tadalafil',NULL),(7595,'Takhzyro',NULL),(7596,'Taltz',NULL),(7597,'Tamiflu',NULL),(7598,'Tamoxifen',NULL),(7599,'Tamsulosin',NULL),(7600,'Tazarotene',NULL),(7601,'Tazorac',NULL),(7602,'Tecartus',NULL),(7603,'Tecentriq',NULL),(7604,'Tecvayli',NULL),(7605,'Tegretol',NULL),(7606,'Telmisartan',NULL),(7607,'Temazepam',NULL),(7608,'Temovate',NULL),(7609,'Tepezza',NULL),(7610,'Terazosin',NULL),(7611,'Terbinafine',NULL),(7612,'Tessalon Perles',NULL),(7613,'Testosterone',NULL),(7614,'Tetracycline',NULL),(7615,'Theophylline',NULL),(7616,'Thiamine',NULL),(7617,'Tibsovo',NULL),(7618,'Timolol',NULL),(7619,'Tiotropium',NULL),(7620,'Tirzepatide',NULL),(7621,'Tizanidine',NULL),(7622,'Tobramycin',NULL),(7623,'Topamax',NULL),(7624,'Topiramate',NULL),(7625,'Toprol XL',NULL),(7626,'Toradol',NULL),(7627,'Torsemide',NULL),(7628,'Toujeo',NULL),(7629,'Tradjenta',NULL),(7630,'Tramadol',NULL),(7631,'Tranexamic acid',NULL),(7632,'Trazodone',NULL),(7633,'Treanda',NULL),(7634,'Trelegy Ellipta',NULL),(7635,'Trelstar',NULL),(7636,'Tremfya',NULL),(7637,'Tresiba',NULL),(7638,'Tretinoin',NULL),(7639,'Triamcinolone',NULL),(7640,'Triamterene',NULL),(7641,'Trileptal',NULL),(7642,'Trintellix',NULL),(7643,'Triptorelin',NULL),(7644,'Triumeq',NULL),(7645,'Trokendi XR',NULL),(7646,'Trulicity',NULL),(7647,'Truxima',NULL),(7648,'Twirla',NULL),(7649,'Tylenol',NULL),(7650,'Tysabri',NULL),(7651,'Ubiquinone',NULL),(7652,'Ubrelvy',NULL),(7653,'Ubrogepant',NULL),(7654,'Uceris',NULL),(7655,'Udenyca',NULL),(7656,'Ulipristal',NULL),(7657,'Uloric',NULL),(7658,'Ultomiris',NULL),(7659,'Ultracet',NULL),(7660,'Ultram',NULL),(7661,'Ultravate',NULL),(7662,'Ultravist',NULL),(7663,'Umeclidinium',NULL),(7664,'Umeclidinium and vilanterol',NULL),(7665,'Unasyn',NULL),(7666,'Uniphyl',NULL),(7667,'Unisom',NULL),(7668,'Unisom Sleep Gels',NULL),(7669,'Unithroid',NULL),(7670,'Unituxin',NULL),(7671,'Upadacitinib',NULL),(7672,'Uplizna',NULL),(7673,'Upneeq',NULL),(7674,'Uptravi',NULL),(7675,'Urea',NULL),(7676,'Urea Cream',NULL),(7677,'Urecholine',NULL),(7678,'Uribel',NULL),(7679,'Urised',NULL),(7680,'Urispas',NULL),(7681,'Uro-MP',NULL),(7682,'Urocit-K',NULL),(7683,'Urogesic-Blue',NULL),(7684,'Urokinase',NULL),(7685,'Uroxatral',NULL),(7686,'Urso',NULL),(7687,'Ursodiol',NULL),(7688,'Ustekinumab',NULL),(7689,'Uva Ursi',NULL),(7690,'Uzedy',NULL),(7691,'Valacyclovir',NULL),(7692,'Valium',NULL),(7693,'Valproate Sodium',NULL),(7694,'Valproic acid',NULL),(7695,'Valsartan',NULL),(7696,'Valtoco',NULL),(7697,'Valtrex',NULL),(7698,'Vancomycin',NULL),(7699,'Vanos',NULL),(7700,'Varenicline',NULL),(7701,'Vascepa',NULL),(7702,'Vasotec',NULL),(7703,'Velcade',NULL),(7704,'Venclexta',NULL),(7705,'Venlafaxine',NULL),(7706,'Venofer',NULL),(7707,'Ventolin',NULL),(7708,'Ventolin HFA',NULL),(7709,'Veozah',NULL),(7710,'Verapamil',NULL),(7711,'Versed',NULL),(7712,'Verzenio',NULL),(7713,'VESIcare',NULL),(7714,'Viagra',NULL),(7715,'Vicodin',NULL),(7716,'Victoza',NULL),(7717,'Viibryd',NULL),(7718,'Vilazodone',NULL),(7719,'Vimpat',NULL),(7720,'Vistaril',NULL),(7721,'Vitamin A',NULL),(7722,'Vitamin B12',NULL),(7723,'Vitamin C',NULL),(7724,'Vitamin D',NULL),(7725,'Vitamin D3',NULL),(7726,'Vitamin E',NULL),(7727,'Vivitrol',NULL),(7728,'Voltaren',NULL),(7729,'Voltaren Arthritis Pain Gel',NULL),(7730,'Voriconazole',NULL),(7731,'Vortioxetine',NULL),(7732,'Vosevi',NULL),(7733,'Votrient',NULL),(7734,'Vraylar',NULL),(7735,'Vyepti',NULL),(7736,'Vyndamax',NULL),(7737,'Vytorin',NULL),(7738,'Vyvanse',NULL),(7739,'Wainua',NULL),(7740,'Wakix',NULL),(7741,'Wal-itin',NULL),(7742,'Warfarin',NULL),(7743,'Wart Remover',NULL),(7744,'Wegovy',NULL),(7745,'Welchol',NULL),(7746,'Welireg',NULL),(7747,'Wellbutrin',NULL),(7748,'Wellbutrin SR',NULL),(7749,'Wellbutrin XL',NULL),(7750,'Westcort',NULL),(7751,'Westhroid',NULL),(7752,'Wilate',NULL),(7753,'Wild yam',NULL),(7754,'Wine',NULL),(7755,'Winlevi',NULL),(7756,'WinRho',NULL),(7757,'Witch Hazel',NULL),(7758,'Witch hazel topical',NULL),(7759,'Wixela Inhub',NULL),(7760,'Wormwood',NULL),(7761,'Wynzora',NULL),(7762,'Zaleplon',NULL),(7763,'Zanaflex',NULL),(7764,'Zantac',NULL),(7765,'Zarxio',NULL),(7766,'Zebeta',NULL),(7767,'Zegalogue',NULL),(7768,'Zenpep',NULL),(7769,'Zenzedi',NULL),(7770,'Zepbound',NULL),(7771,'Zeposia',NULL),(7772,'Zestril',NULL),(7773,'Zetia',NULL),(7774,'Ziac',NULL),(7775,'Zidovudine',NULL),(7776,'Zinc',NULL),(7777,'Zinc gluconate',NULL),(7778,'Zinc sulfate',NULL),(7779,'Ziprasidone',NULL),(7780,'Zithromax',NULL),(7781,'Zocor',NULL),(7782,'Zofran',NULL),(7783,'Zofran ODT',NULL),(7784,'Zoladex',NULL),(7785,'Zoledronic acid',NULL),(7786,'Zoloft',NULL),(7787,'Zolpidem',NULL),(7788,'Zometa',NULL),(7789,'Zomig',NULL),(7790,'Zonisamide',NULL),(7791,'Zopiclone',NULL),(7792,'Zoryve',NULL),(7793,'Zosyn',NULL),(7794,'Zovirax',NULL),(7795,'Zydelig',NULL),(7796,'Zyflo',NULL),(7797,'Zykadia',NULL),(7798,'Zyloprim',NULL),(7799,'Zyprexa',NULL),(7800,'Zyrtec',NULL),(7801,'Zyrtec-D',NULL),(7802,'Zytiga',NULL),(7803,'Zyvox',NULL),(7804,'ZzzQuil',NULL),(7805,'Yarrow',NULL),(7806,'Yasmin',NULL),(7807,'Yaz',NULL),(7808,'Yaz 28',NULL),(7809,'Ycanth',NULL),(7810,'Yellow Dock',NULL),(7811,'Yellow fever vaccine',NULL),(7812,'Yervoy',NULL),(7813,'Yescarta',NULL),(7814,'YF-Vax',NULL),(7815,'Yohimbe',NULL),(7816,'Yohimbine',NULL),(7817,'Yondelis',NULL),(7818,'Yonsa',NULL),(7819,'Yosprala',NULL),(7820,'Yucca',NULL),(7821,'Yuflyma',NULL),(7822,'Yupelri',NULL),(7823,'Yusimry',NULL),(7824,'Yuvafem',NULL);
/*!40000 ALTER TABLE `medicine` ENABLE KEYS */;
UNLOCK TABLES;

--
-- Table structure for table `medicine_unit`
--

DROP TABLE IF EXISTS `medicine_unit`;
/*!40101 SET @saved_cs_client     = @@character_set_client */;
/*!50503 SET character_set_client = utf8mb4 */;
CREATE TABLE `medicine_unit` (
  `id` int NOT NULL AUTO_INCREMENT,
  `name` varchar(50) DEFAULT NULL,
  PRIMARY KEY (`id`)
) ENGINE=InnoDB AUTO_INCREMENT=5 DEFAULT CHARSET=utf8mb3;
/*!40101 SET character_set_client = @saved_cs_client */;

--
-- Dumping data for table `medicine_unit`
--

LOCK TABLES `medicine_unit` WRITE;
/*!40000 ALTER TABLE `medicine_unit` DISABLE KEYS */;
INSERT INTO `medicine_unit` VALUES (1,'Viên'),(2,'Gói'),(3,'Ống'),(4,'Thể tích (ml)');
/*!40000 ALTER TABLE `medicine_unit` ENABLE KEYS */;
UNLOCK TABLES;

--
-- Table structure for table `schedule_time`
--

DROP TABLE IF EXISTS `schedule_time`;
/*!40101 SET @saved_cs_client     = @@character_set_client */;
/*!50503 SET character_set_client = utf8mb4 */;
CREATE TABLE `schedule_time` (
  `id` int NOT NULL AUTO_INCREMENT,
  `time` time DEFAULT NULL,
  `quantity` decimal(10,0) DEFAULT NULL,
  `medication_schedule_id` int DEFAULT NULL,
  PRIMARY KEY (`id`),
  KEY `schedule_time_medication_schedule_id_fk` (`medication_schedule_id`),
  CONSTRAINT `schedule_time_medication_schedule_id_fk` FOREIGN KEY (`medication_schedule_id`) REFERENCES `medication_schedule` (`id`) ON DELETE CASCADE ON UPDATE CASCADE
) ENGINE=InnoDB AUTO_INCREMENT=348 DEFAULT CHARSET=utf8mb3;
/*!40101 SET character_set_client = @saved_cs_client */;

--
-- Dumping data for table `schedule_time`
--

LOCK TABLES `schedule_time` WRITE;
/*!40000 ALTER TABLE `schedule_time` DISABLE KEYS */;
INSERT INTO `schedule_time` VALUES (264,'00:00:00',1,87),(265,'00:59:00',1,87),(266,'01:03:00',1,88),(267,'16:00:00',1,88),(268,'00:00:00',1,89),(269,'12:15:00',1,87),(272,'00:00:00',1,91),(274,'16:00:00',1,91),(276,'19:00:00',1,91),(277,'00:00:00',1,92),(278,'12:00:00',1,92),(279,'20:30:00',1,92),(280,'23:59:00',1,92),(288,'20:15:00',1,90),(289,'19:50:00',1,90),(290,'00:00:00',1,93),(291,'16:00:00',3,93),(321,'20:33:00',2,95),(325,'22:05:00',2,94),(326,'12:09:00',1,96),(328,'12:10:00',2,108),(329,'18:10:00',2,109),(330,'17:10:00',2,108),(331,'12:10:00',2,110),(332,'18:06:00',5,110),(333,'17:18:00',3,111),(335,'12:00:00',3,113),(336,'16:05:00',2,114),(337,'17:00:00',2,113),(343,'00:00:00',1,119),(344,'12:10:00',3,120),(345,'00:00:00',1,121),(346,'22:50:00',2,119),(347,'23:26:00',2,119);
/*!40000 ALTER TABLE `schedule_time` ENABLE KEYS */;
UNLOCK TABLES;

--
-- Table structure for table `schedule_time_detail`
--

DROP TABLE IF EXISTS `schedule_time_detail`;
/*!40101 SET @saved_cs_client     = @@character_set_client */;
/*!50503 SET character_set_client = utf8mb4 */;
CREATE TABLE `schedule_time_detail` (
  `id` int NOT NULL AUTO_INCREMENT,
  `date` date DEFAULT NULL,
  `is_used` tinyint DEFAULT NULL,
  `schedule_time_id` int DEFAULT NULL,
  PRIMARY KEY (`id`),
  KEY `schedule_time_detail_schedule_time_id_fk` (`schedule_time_id`),
  CONSTRAINT `schedule_time_detail_schedule_time_id_fk` FOREIGN KEY (`schedule_time_id`) REFERENCES `schedule_time` (`id`) ON DELETE CASCADE ON UPDATE CASCADE
) ENGINE=InnoDB AUTO_INCREMENT=118 DEFAULT CHARSET=utf8mb3;
/*!40101 SET character_set_client = @saved_cs_client */;

--
-- Dumping data for table `schedule_time_detail`
--

LOCK TABLES `schedule_time_detail` WRITE;
/*!40000 ALTER TABLE `schedule_time_detail` DISABLE KEYS */;
INSERT INTO `schedule_time_detail` VALUES (62,'2024-03-01',NULL,268),(63,'2024-03-01',0,264),(64,'2024-03-01',1,265),(65,'2024-03-02',0,269),(66,'2024-03-02',NULL,272),(67,'2024-03-02',NULL,274),(68,'2024-03-03',1,278),(69,'2024-03-03',1,279),(70,'2024-03-02',1,279),(71,'2024-03-02',1,280),(77,'2024-03-06',1,268),(83,'2024-04-02',1,289),(84,'2024-04-02',1,288),(85,'2024-04-02',0,291),(86,'2024-04-04',1,291),(87,'2024-04-04',0,289),(88,'2024-04-04',0,288),(95,'2024-04-14',1,325),(97,'2024-04-20',1,335),(98,'2024-04-20',1,329),(99,'2024-04-20',1,330),(100,'2024-04-20',1,326),(102,'2024-04-20',1,328),(103,'2024-04-20',1,325),(104,'2024-04-20',1,337),(105,'2024-04-28',NULL,335),(106,'2024-04-28',NULL,335),(107,'2024-04-28',1,335),(108,'2024-04-28',1,326),(109,'2024-04-28',1,328),(110,'2024-04-28',1,328),(111,'2024-04-28',1,336),(112,'2024-04-28',1,337),(113,'2024-04-28',1,335),(114,'2024-04-28',1,330),(115,'2024-04-28',0,329),(117,'2024-05-04',NULL,343);
/*!40000 ALTER TABLE `schedule_time_detail` ENABLE KEYS */;
UNLOCK TABLES;
/*!40103 SET TIME_ZONE=@OLD_TIME_ZONE */;

/*!40101 SET SQL_MODE=@OLD_SQL_MODE */;
/*!40014 SET FOREIGN_KEY_CHECKS=@OLD_FOREIGN_KEY_CHECKS */;
/*!40014 SET UNIQUE_CHECKS=@OLD_UNIQUE_CHECKS */;
/*!40101 SET CHARACTER_SET_CLIENT=@OLD_CHARACTER_SET_CLIENT */;
/*!40101 SET CHARACTER_SET_RESULTS=@OLD_CHARACTER_SET_RESULTS */;
/*!40101 SET COLLATION_CONNECTION=@OLD_COLLATION_CONNECTION */;
/*!40111 SET SQL_NOTES=@OLD_SQL_NOTES */;

-- Dump completed on 2024-05-05 13:12:48
